{"total_loss": [0.5686435867621246, 0.3341594488261132, 0.2790072411298752, 0.2585756871953357, 0.2448217052154701], "loss_classifier": [0.2882523324403017, 0.1366966934094216, 0.11059157129939041, 0.10109085416910368, 0.09560811088821075], "loss_box_reg": [0.238028379708695, 0.1761994875925879, 0.15047320702721953, 0.1413929696356118, 0.13458280648266138], "loss_objectness": [0.032615210608626044, 0.013464449285711656, 0.010875518294571581, 0.009357546440549402, 0.00820306962675951], "loss_rpn_box_reg": [0.00974766099981589, 0.007798817945259244, 0.007066944391627967, 0.006734317133473701, 0.0064277192057427745]}