{"train_loss": [645.4094219631619, 589.0900144788955, 557.616098192003, 531.6476126776802, 508.04892781575523], "train_box_loss": [2.8147813618183135, 2.4826580948299832, 2.3322048703829448, 2.2178250736660425, 2.1243554128540887], "train_cls_loss": [4.291015182601081, 3.97826505502065, 3.793081302113003, 3.634297415945265, 3.478907346725464], "train_dfl_loss": [3.047981235716078, 2.8098409043418036, 2.645828880204095, 2.516019336382548, 2.3938835753334895]}